{"cameraMode":{"drawMode":0,"name":"Shaded","section":"Shading Mode"},"sceneLighting":true,"audioPlay":false,"sceneViewState":{"showFog":true,"showMaterialUpdate":false,"showSkybox":true,"showFlares":true,"showImageEffects":true,"showParticleSystems":true},"in2DMode":false,"pivot":{"x":-13.166940689086914,"y":0.6991918087005615,"z":2.9291493892669679},"rotation":{"x":-0.03380692005157471,"y":0.7510126233100891,"z":-0.03857053443789482,"w":-0.6582928895950317},"size":20.943218231201173,"orthographic":false}